PX,Main,Midblock Route,Side 1 Route,Side 2 Route,Activation Date,latitude,longitude,Count Date,8HrVehVol,8HrPedVol
13,MOUNT PLEASANT RD,,CHARLES ST E,JARVIS ST,23-May-1950,43.6699892,-79.3799226,10/8/2013,15228,2269
23,CHURCH ST,,CARLTON ST,,17-Feb-1932,43.661871,-79.379335,6/26/2013,19901,9052
55,YONGE ST,,LAWRENCE AVE,,03-Jan-1941,43.7251031,-79.402193,10/3/2013,29417,4196
81,UNIVERSITY AVE,,DUNDAS ST W,,28-Jun-1928,43.654812,-79.388484,8/14/2013,28831,18932
86,AVENUE RD,,BLOOR ST W,,21-Jul-1928,43.668685,-79.394119,5/27/2013,26039,14160
101,EGLINTON AVE W,,GLEN CEDAR RD,OLD PARK RD,10-Jul-1968,43.6998248,-79.430961,7/9/2013,15770,783
112,ST CLAIR AVE W,,AVENUE RD,,26-Aug-1929,43.686624,-79.401479,12/5/2013,29720,3255
117,AVENUE RD,,ST CLEMENTS AVE,,20-Jun-1946,43.710333,-79.411119,1/15/2013,18012,970
119,AVENUE RD,,LAWRENCE AVE W,,31-Jan-1958,43.7222401,-79.415589,9/4/2013,27712,2674
123,AVENUE RD,,WILSON AVE,,31-Jan-1958,43.7398627,-79.421636,9/4/2013,33867,1383
125,YONGE ST,,SHEPPARD AVE,,31-Jan-1958,43.7615144,-79.410903,6/25/2013,39309,7289
131,YONGE ST,,STEELES AVE,,31-Jan-1958,43.798049,-79.420064,10/8/2013,42005,6483
132,MOUNT PLEASANT RD,,ELM AVE,,06-Feb-1950,43.6745775,-79.380161,11/19/2013,15065,805
137,MOUNT PLEASANT RD,,DAVISVILLE AVE,,28-Sep-1948,43.7003222,-79.386937,2/28/2013,23028,2205
138,MOUNT PLEASANT RD,,MANOR RD E,,17-Feb-1957,43.7043099,-79.388524,3/4/2013,16260,1698
142,MOUNT PLEASANT RD,,LAWRENCE AVE E,,23-Feb-1953,43.72623704,-79.39679056,6/7/2013,22337,200
144,KINGSTON RD,,LAWRENCE AVE E,,21-Jan-1960,43.7676558,-79.189555,6/10/2013,30265,1475
158,KINGSTON RD,,VICTORIA PARK AVE,,15-Dec-1948,43.6808074,-79.284041,10/3/2013,9687,1980
162,KINGSTON RD,,WOODBINE AVE,,09-Jun-1929,43.67394,-79.307902,5/27/2013,19750,940
163,KINGSTON RD,,DUNDAS ST E,DIXON AVE,03-Mar-1953,43.669951,-79.311169,7/16/2013,8826,493
168,QUEEN ST E,,COXWELL AVE,,15-Oct-1948,43.666345,-79.316558,5/27/2013,10471,2956
206,LAKE SHORE BLVD E,,LESLIE ST,,14-Dec-1955,43.659109,-79.328373,5/27/2013,27371,764
208,LAKE SHORE BLVD E,,DON ROADWAY,DON VALLEY PARKWAY N,22-Nov-1963,43.6510701,-79.346973,5/27/2013,10974,41
216,LAKE SHORE BLVD W,,FLEET ST,BATHURST ST,13-Apr-1942,43.636444,-79.399607,5/27/2013,26327,2277
224,LAKE SHORE BLVD W,,JAMESON AVE,,10-Jan-1947,43.6333865,-79.434586,8/8/2013,22282,348
226,LAKE SHORE BLVD W,,PARKSIDE DR,,01-Mar-1949,43.638362,-79.45353,8/13/2013,30083,301
237,LAKE SHORE BLVD W,,KIPLING AVE,COLONEL SAMUEL SMITH PARK DR,01-Jan-1957,43.5981581,-79.516936,12/5/2013,19371,6478
242,LAKE SHORE BLVD W,,BROWNS LINE,,23-Feb-1960,43.59235474,-79.54258472,10/22/2013,12239,415
245,KING ST E,,PARLIAMENT ST,,17-Nov-1948,43.6527207,-79.363216,8/13/2013,10781,2650
251,PARLIAMENT ST,,WELLESLEY ST E,,09-Jun-1950,43.668161,-79.369537,8/10/2013,12878,4674
266,DUNDAS ST W,,BEVERLEY ST,,30-Sep-1948,43.6538104,-79.393832,3/28/2013,11610,4911
268,RICHMOND ST W,,PETER ST,,14-Dec-1965,43.6484258,-79.393259,8/13/2013,8520,6403
277,SPADINA AVE,,DUNDAS ST W,,09-Sep-1929,43.6529371,-79.398015,5/15/2013,15072,24677
279,SPADINA AVE,,COLLEGE ST,,28-Jun-1928,43.6579399,-79.400059,8/13/2013,16020,14869
281,BLOOR ST W,,SPADINA AVE,SPADINA RD,23-Jul-1928,43.6666551,-79.403803,8/15/2013,16608,12975
282,BAYVIEW AVE,,ROSEDALE VALLEY RD,,27-Sep-1961,43.6702347,-79.360193,10/7/2013,17633,3
286,DUNDAS ST E,,LESLIE ST,,02-Jan-1956,43.6667337,-79.331711,4/22/2013,7585,992
295,BLOOR ST E,,CASTLE FRANK RD,PRIVATE ACCESS,12-Dec-1952,43.6738355,-79.36812,8/8/2013,26607,1144
301,EASTERN AVE,,COXWELL AVE,,14-Dec-1955,43.6655045,-79.316201,5/27/2013,12466,604
302,EASTERN AVE,,LESLIE ST,,29-Jun-1950,43.6615598,-79.329482,4/22/2013,13264,401
321,BLOOR ST W,,BATHURST ST,,07-Apr-1928,43.665132,-79.411205,8/15/2013,18511,13482
327,DUNDAS ST W,,BLOOR ST W,,07-Mar-1928,43.6563079,-79.452406,8/8/2013,23727,5399
334,BLOOR ST W,,SOUTH KINGSWAY,,01-Jan-1967,43.648304,-79.485695,7/10/2013,19410,1034
351,DANFORTH AVE,,WOODBINE AVE,,07-Oct-1928,43.6856712,-79.312749,10/16/2013,24389,5306
355,DANFORTH AVE,,VICTORIA PARK AVE,,31-Jan-1958,43.6912366,-79.288311,9/9/2013,20673,4099
357,DANFORTH AVE,,DANFORTH RD,,03-Jan-1965,43.6936851,-79.277105,4/4/2013,13252,183
361,GERRARD ST E,,VICTORIA PARK AVE,,04-Jan-1953,43.6869115,-79.28656,8/28/2013,18821,1343
380,LAWRENCE AVE E,,MCCOWAN RD,,11-Feb-1960,43.7555379,-79.245446,5/16/2013,29763,2378
401,LAWRENCE AVE E,,THE DONWAY W,,15-Nov-1958,43.7364907,-79.346527,2/28/2013,21144,1538
412,LAWRENCE AVE E,,KENNEDY RD,,31-Jan-1958,43.74954,-79.27493,9/30/2013,33852,2846
420,LAWRENCE AVE E,,MARKHAM RD,,04-Oct-1959,43.75981,-79.22531,10/22/2013,36125,6665
422,LAWRENCE AVE W,,LEDBURY ST,,28-Dec-1964,43.72086,-79.42246,6/6/2013,16089,493
423,BATHURST ST,,LAWRENCE AVE W,,09-Jun-1956,43.71929,-79.42976,5/31/2013,32435,3187
424,LAWRENCE AVE W,,VARNA DR,,30-Oct-1978,43.71748,-79.4377,6/10/2013,15584,175
425,LAWRENCE AVE W,,MARLEE AVE,PRIVATE ACCESS,21-Dec-1961,43.7156,-79.4465,6/18/2013,26015,2862
427,LAWRENCE AVE W,,CALEDONIA RD,,08-Sep-1957,43.71148,-79.46658,6/24/2013,26171,930
431,WESTON RD,,LAWRENCE AVE W,,31-Jan-1958,43.70014,-79.51624,4/30/2013,18866,5067
438,EGLINTON AVE W,,ROSTREVOR RD,,19-Apr-1977,43.7003,-79.42881,5/21/2013,13794,1025
439,BROADVIEW AVE,,CHESTER HILL RD,,28-Aug-1950,43.68128,-79.35767,2/5/2013,9311,833
440,BROADVIEW AVE,,MORTIMER AVE,POTTERY RD,31-Jan-1958,43.68391,-79.35694,1/31/2013,14031,1333
441,BROADVIEW AVE,,COSBURN AVE,,31-Jan-1958,43.68854,-79.35524,1/30/2013,10153,544
444,O CONNOR DR,,DON MILLS RD,,12-Dec-1958,43.69557,-79.33963,5/15/2013,26959,99
446,O CONNOR DR,,WOODBINE AVE,,31-Jan-1958,43.70015,-79.31905,10/9/2013,27099,648
447,O CONNOR DR,,ST CLAIR AVE E,,31-Jan-1958,43.70539,-79.31285,6/5/2013,24194,917
451,EGLINTON AVE E,,VICTORIA PARK AVE,,31-Jan-1958,43.72474,-79.30264,3/11/2013,33095,2166
454,DON MILLS RD,,EGLINTON AVE E,,29-Jan-1957,43.7205,-79.33888,5/15/2013,45185,2597
460,EGLINTON AVE E,,KENNEDY RD,,24-Nov-1955,43.73224,-79.26797,6/10/2013,29069,1957
471,ST CLAIR AVE E,,VICTORIA PARK AVE,,15-Nov-1958,43.7087726,-79.2959584,10/17/2013,25436,1820
473,WARDEN AVE,,ST CLAIR AVE E,,31-Jan-1958,43.71204,-79.28099,6/3/2013,27855,1648
480,ST CLAIR AVE W,,BATHURST ST,,27-Aug-1928,43.68314,-79.41828,12/5/2013,22420,7862
488,DUFFERIN ST,,ST CLAIR AVE W,,30-Aug-1929,43.67795,-79.44306,8/8/2013,17473,7040
493,ST CLAIR AVE W,,KEELE ST,WESTON RD,21-Dec-1939,43.67254,-79.46762,8/8/2013,22315,2712
496,DUNDAS ST W,,SCARLETT RD,,31-Jan-1958,43.66552,-79.49919,8/7/2013,17019,106
498,ST CLAIR AVE E,,AVOCA AVE,,25-Sep-1968,43.68896,-79.389878,5/15/2013,12494,975
500,LAWRENCE AVE W,,HICKORY TREE RD,LITTLE AVE,16-Jan-1967,43.69929,-79.51986,6/11/2013,13616,389
507,YONGE ST,,ROSEHILL AVE,,23-Feb-1967,43.68623,-79.39331,5/15/2013,14736,5086
509,BLOOR ST W,,BRUNSWICK AVE,,14-Nov-1967,43.66591,-79.40743,8/15/2013,8679,5923
511,DUNDAS ST W,,PAULART DR,PRIVATE ACCESS,25-Jul-1975,43.63107,-79.5469,2/19/2013,22100,243
512,VICTORIA PARK AVE,,CASSANDRA BLVD,,13-Jul-1967,43.75434,-79.314,8/26/2013,19811,484
513,VICTORIA PARK AVE,,BASSETT AVE,YARDLEY AVE,29-Jun-1965,43.7138,-79.29804,10/15/2013,10590,302
514,VICTORIA PARK AVE,,ELVASTON DR,,06-Oct-1964,43.73041,-79.30498,9/25/2013,13624,493
515,VICTORIA PARK AVE,,SURREY AVE,,06-Apr-1964,43.7363,-79.30739,8/28/2013,23282,238
516,VICTORIA PARK AVE,,CURLEW DR,LYNVALLEY CRES,31-Aug-1962,43.74798,-79.3118,1/29/2013,19147,502
517,VICTORIA PARK AVE,,ELLESMERE RD,PARKWOODS VILLAGE DR,25-Apr-1960,43.75788,-79.31522,9/3/2013,33693,3766
518,VICTORIA PARK AVE,,YORK MILLS RD,,13-May-1963,43.76303,-79.31751,8/21/2013,26765,537
525,JANE ST,,ALLIANCE AVE,PRIVATE ACCESS,10-Nov-1961,43.67623,-79.49565,12/3/2013,14356,568
528,WESTON RD,,JANE ST,,31-Jan-1958,43.69132,-79.50088,4/25/2013,25124,3481
532,WILSON AVE,,JANE ST,,31-Jan-1958,43.72091,-79.50861,10/7/2013,29993,4795
534,FINCH AVE W,,JANE ST,,16-Dec-1964,43.75727,-79.51776,10/15/2013,33828,7612
538,KING ST W,,STRACHAN AVE,,06-Nov-1941,43.64205,-79.41194,12/5/2013,13533,4681
539,KING ST W,,DUFFERIN ST,,20-Aug-1929,43.63897,-79.42736,6/3/2013,12236,3710
539,KING ST W,,DUFFERIN ST,,20-Aug-1929,43.63897,-79.42736,12/5/2013,12512,5559
540,KING ST W,,JAMESON AVE,,19-Jun-1956,43.63718,-79.43602,12/5/2013,14234,4317
545,QUEEN ST E,,CARLAW AVE,,10-Dec-1948,43.66108,-79.34007,4/22/2013,12361,3128
547,QUEEN ST E,,LESLIE ST,,15-Feb-1951,43.66327,-79.33021,5/6/2013,8546,1685
555,QUEEN ST W,,OSSINGTON AVE,,19-Apr-1960,43.64421,-79.41885,3/14/2013,11628,4053
564,THE QUEENSWAY,,PARK LAWN RD,,31-Jan-1958,43.62906,-79.49031,6/22/2013,22123,231
566,THE QUEENSWAY,,TAYMALL AVE,WADSWORTH CRES,03-Aug-1995,43.62534,-79.50722,10/5/2013,18206,376
566,THE QUEENSWAY,,TAYMALL AVE,WADSWORTH CRES,03-Aug-1995,43.62534,-79.50722,10/15/2013,22298,448
568,THE QUEENSWAY,,KIPLING AVE,,31-Jan-1958,43.62098,-79.52673,11/4/2013,35402,323
580,WESTON RD,,DENISON RD E,DENISON RD W,31-Jan-1958,43.69624,-79.50817,4/22/2013,6704,458
581,WESTON RD,,JOHN ST,,10-Feb-1959,43.70063,-79.51777,4/23/2013,6855,1228
583,WESTON RD,,CHURCH ST,,31-Jan-1958,43.70304,-79.52536,4/22/2013,9201,721
584,WESTON RD,,ST PHILLIPS RD,,01-Jan-1963,43.70635,-79.53229,4/29/2013,13417,242
587,ALBION RD,,WESTON RD,WALSH AVE,18-Dec-1957,43.71697123,-79.53748681,5/27/2013,17212,863
589,WESTON RD,,FINCH AVE W,,14-Oct-1964,43.7521,-79.54242,2/21/2013,33275,3092
604,O CONNOR DR,40m SOUTH OF,WAKUNDA PL,,05-Feb-1968,43.71562,-79.305035,3/7/2013,10868,637
619,STEELES AVE W,,DUFFERIN ST,,14-Aug-1968,43.7872672,-79.470123,10/23/2013,42612,3345
627,SHEPPARD AVE E,,DON MILLS RD,,01-Apr-1964,43.7750865,-79.34703,6/5/2013,38172,1531
635,LAWRENCE AVE W,,PINE ST,,08-Dec-1968,43.7019656,-79.508309,6/10/2013,12971,1511
642,DONLANDS AVE,,MILLWOOD RD,PAPE AVE,01-Jan-1962,43.69721,-79.34914,3/19/2013,15306,42
648,SHEPPARD AVE E,,BAYVIEW AVE,,30-Sep-1968,43.7666244,-79.388044,6/25/2013,46933,1816
649,BAYVIEW AVE,,CITATION DR,EMPRESS AVE,14-Jan-1966,43.7743467,-79.389797,6/13/2013,20748,303
650,BAYVIEW AVE,,FINCH AVE E,,03-Dec-1962,43.7849891,-79.392235,10/8/2013,36380,5473
652,STEELES AVE E,,BAYVIEW AVE,,01-Mar-1966,43.8032514,-79.396314,5/14/2013,38794,259
657,COXWELL AVE,,SAMMON AVE,,21-Mar-1960,43.68882,-79.325838,2/20/2013,8854,1658
663,DONLANDS AVE,,MORTIMER AVE,,07-Aug-1959,43.6876049,-79.340228,2/14/2013,12339,712
665,WOODBINE AVE,,COSBURN AVE,,31-Jan-1958,43.6964341,-79.31742,2/21/2013,13743,878
666,COXWELL AVE,,COSBURN AVE,,31-Jan-1958,43.6941379,-79.328003,2/11/2013,12553,1605
675,BATHURST ST,,FINCH AVE W,,20-Mar-1962,43.7738567,-79.442978,10/8/2013,31685,1011
694,WARDEN AVE,,ELLESMERE RD,,09-Jun-1963,43.76127,-79.30072,10/24/2013,37565,526
696,KENNEDY RD,,ELLESMERE RD,,02-Jan-1960,43.76587,-79.28109,10/24/2013,47002,3375
701,MARKHAM RD,,SHEPPARD AVE E,,27-Apr-1964,43.7939,-79.23876,2/21/2013,37075,1379
705,ISLINGTON AVE,,NORSEMAN ST,,01-Jan-1958,43.63421,-79.5191,4/15/2013,19564,856
717,ISLINGTON AVE,,ALBION RD,,31-Jan-1958,43.73727,-79.56531,8/7/2013,26819,1162
723,ALBION RD,,ELMHURST DR,,01-Jun-1969,43.72514,-79.55051,1/30/2013,14212,260
724,KIPLING AVE,,NORTH QUEEN ST,PRIVATE ACCESS,12-Dec-1962,43.62526,-79.52845,12/4/2013,22296,568
741,SHEPPARD AVE E,,WILLOWDALE AVE,,10-Sep-1964,43.76403,-79.39968,6/18/2013,22404,1014
743,SHEPPARD AVE E,,BURBANK DR,BESSARION RD,01-Oct-1967,43.76925,-79.37663,6/18/2013,22810,932
744,SHEPPARD AVE E,,LESLIE ST,,06-Mar-1968,43.77169,-79.36416,6/25/2013,38914,1610
745,SHEPPARD AVE E,,SHAUGHNESSY BLVD,,16-Dec-1966,43.77377,-79.35333,6/18/2013,18536,378
746,SHEPPARD AVE E,,FAIRVIEW MALL DR,,18-Nov-1958,43.77628,-79.34112,6/5/2013,31362,157
748,SHEPPARD AVE E,,VICTORIA PARK AVE,,25-Nov-1955,43.77527,-79.32301,10/17/2013,27646,4630
752,KENNEDY RD,,SHEPPARD AVE E,,31-Jan-1958,43.7833,-79.28824,9/9/2013,31876,3333
762,BROWNS LINE,,VALERMO DR,,27-Jul-1965,43.6060424,-79.5471408,2/19/2013,16277,170
767,KIPLING AVE,,BIRMINGHAM ST,,04-Aug-1957,43.60071,-79.518,3/13/2013,9660,794
778,DUNDAS ST W,,SHAVER AVE S,SHORNCLIFFE RD,26-Nov-1962,43.63215,-79.54477,3/12/2013,26144,533
780,LAWRENCE AVE W,,THE WESTWAY,ROYAL YORK RD,20-Aug-1964,43.69618,-79.53271,6/20/2013,15405,299
802,VAUGHAN RD,,WINONA DR,,25-Aug-1960,43.68993,-79.43575,3/13/2013,6617,219
813,WILSON AVE,,CLAYSON RD,PRIVATE ACCESS,07-Jun-1965,43.71774,-79.52303,9/24/2013,17674,254
819,EASTERN AVE,,CARLAW AVE,,28-Jun-1951,43.65842,-79.33894,5/21/2013,16155,1031
829,COLLEGE ST,,OSSINGTON AVE,,06-Oct-1948,43.65443,-79.42268,8/13/2013,13335,5510
832,RONCESVALLES AVE,,HIGH PARK BLVD,FERMANAGH AVE,15-Nov-1955,43.64636,-79.44903,7/11/2013,6002,2052
842,DUPONT ST,,OSSINGTON AVE,,29-Aug-1952,43.67011,-79.42904,3/13/2013,17334,1201
850,OSSINGTON AVE,,HALLAM ST,,03-Jan-1957,43.66796,-79.42813,8/15/2013,8371,699
862,SHEPPARD AVE E,,MIDLAND AVE,,27-Aug-1969,43.78537,-79.27855,1/28/2013,34891,2537
864,VICTORIA PARK AVE,,CONSUMERS RD,MEADOWACRES DR,24-Aug-1971,43.77194,-79.32155,10/17/2013,31063,2504
875,BURNHAMTHORPE RD,,THE WEST MALL,,17-Jun-1969,43.64463,-79.5672,11/27/2013,25958,1128
878,MARKHAM RD,,PROGRESS AVE,,09-Jul-1969,43.78183,-79.23393,10/28/2013,38654,2746
884,BERMONDSEY RD,,SUNRISE AVE,,29-Jul-1970,43.71699,-79.31331,2/19/2013,8166,142
892,EVANS AVE,,THE EAST MALL,,01-Jan-1967,43.61192,-79.54379,7/30/2013,13636,131
897,DON MILLS RD,,HAVENBROOK BLVD,PARKWAY FOREST DR,01-Jan-1965,43.76959,-79.3465,6/18/2013,21973,1176
899,BATHURST ST,,CEDARCROFT BLVD,PATRICIA AVE,26-Aug-1970,43.78394,-79.44553,9/4/2013,24124,1265
901,ELLESMERE RD,,NEILSON RD,,26-Jun-1970,43.78268,-79.20497,12/2/2013,17837,1696
906,SHEPPARD AVE E,,CONSUMERS RD,BRIAN DR,22-Jun-1970,43.77516,-79.33122,10/17/2013,20361,1571
908,ISLINGTON AVE,,JUTLAND RD,,21-Oct-1970,43.62899,-79.51697,9/18/2013,18102,708
911,THE QUEENSWAY,,THE EAST MALL,,20-Nov-1969,43.61647,-79.54625,9/4/2013,28554,222
915,DUNDAS ST W,,EAST MALL CRES,,15-May-1969,43.63041,-79.54983,2/14/2013,26788,850
923,EVANS AVE,,EVANS CRT,SHERWAY GT,17-Feb-1971,43.60899,-79.55642,7/31/2013,13646,277
926,EGLINTON AVE W,,RENFORTH DR,,26-Jun-1970,43.66613,-79.5876,11/4/2013,24464,1046
938,SHEPPARD AVE E,,MCCOWAN RD,,14-Jul-1971,43.78964,-79.25883,10/8/2013,36583,3356
947,ISLINGTON AVE,,FINCH AVE W,,09-Mar-1971,43.74625,-79.5686,2/14/2013,26682,1075
963,LAKE SHORE BLVD E,,COXWELL AVE,ASHBRIDGES BAY PARK RD,07-Jun-1972,43.66228,-79.31484,5/27/2013,18911,372
964,ROGERS RD,34m WEST OF,BICKNELL AVE,PRIVATE ACCESS,10-Oct-1990,43.68193,-79.4742,4/17/2013,11589,1057
974,EGLINTON AVE W,,WINCOTT DR,BEMERSYDE DR,20-Jul-1972,43.67856,-79.54492,12/9/2013,23515,201
982,VICTORIA PARK AVE,,CRESCENT TOWN RD,,22-Jan-1973,43.69656,-79.29046,8/1/2013,9902,363
997,ELLESMERE RD,,BOROUGH APPROACH E,,30-Apr-1973,43.7713,-79.25566,4/16/2013,15756,105
1002,FINCH AVE W,,TOBERMORY DR,,14-Sep-1973,43.7593,-79.50792,2/14/2013,16540,817
1014,SHEPPARD AVE E,,PROVOST DR,AMBROSE RD,30-Jul-1981,43.77030305,-79.37146676,6/25/2013,27016,926
1015,VICTORIA PARK AVE,,FINCH AVE E,,09-Dec-1973,43.79317,-79.33141,10/3/2013,30376,2871
1024,ST CLAIR AVE W,,ARLINGTON AVE,,20-Sep-1973,43.6811,-79.42885,10/21/2013,9785,2626
1040,DON MILLS RD E,,DEERFORD RD,,01-Sep-1974,43.78543,-79.35078,11/7/2013,8216,1574
1043,DON MILLS RD W,185m SOUTH OF,GOODVIEW RD,,04-Sep-1974,43.78227,-79.35224,11/13/2013,9444,483
1076,JANE ST,,HANEY AVE,,11-Aug-1974,43.674,-79.49473,11/26/2013,12934,421
1097,RICHMOND ST W,,PORTLAND ST,,05-Dec-1975,43.64699,-79.40111,8/13/2013,6624,5835
1131,VICTORIA PARK AVE,,DAWES RD,,23-Dec-1974,43.70653,-79.29497,9/11/2013,13423,565
1142,STEELES AVE E,,VICTORIA PARK AVE,,13-Aug-1975,43.81572,-79.34135,8/19/2013,37189,701
1147,BAYVIEW AVE,,BAYVIEW MEWS LANE,,21-Nov-1975,43.7694,-79.38867,6/13/2013,23558,620
1157,LAWRENCE AVE W,,ALLEN X S LAWRENCE E RAMP,LAWRENCE W ALLEN X S RAMP,22-Apr-1976,43.71588422,-79.44517821,6/20/2013,25170,6481
1158,LAWRENCE AVE W,,ALLEN X N LAWRENCE RAMP,LAWRENCE E ALLEN X N RAMP,09-Aug-1976,43.71626181,-79.44341594,6/19/2013,22596,2759
1159,HIGHWAY 27,,CARRIER DR,,14-Feb-1977,43.73914,-79.60533,8/7/2013,16961,132
1161,HIGHWAY 27,,REXDALE BLVD,,29-May-1980,43.71726,-79.59569,11/4/2013,28091,101
1164,HIGHWAY 27,,ALBION RD,,26-May-1976,43.7443,-79.6076,1/29/2013,26619,74
1169,SHEPPARD AVE W,,BEECROFT RD,,18-Jun-1981,43.76109,-79.41317,5/2/2013,23388,2257
1170,BRIMLEY RD,,HUNTINGWOOD DR,,14-Apr-1976,43.7984054,-79.2733852,3/13/2013,19149,234
1170,BRIMLEY RD,,HUNTINGWOOD DR,,14-Apr-1976,43.7984054,-79.2733852,5/14/2013,22022,1042
1191,STEELES AVE E,,WARDEN AVE,,22-Sep-1978,43.81968,-79.32442,11/4/2013,41078,2125
1192,STEELES AVE E,,KENNEDY RD,,12-May-1975,43.82371,-79.30705,3/3/2013,39517,2859
1200,SHEPPARD AVE E,,DORIS AVE,,01-Apr-1978,43.76217,-79.40825,5/13/2013,22020,5683
1201,KINGSTON RD,,PORT UNION RD,SHEPPARD AVE E,06-Jul-1968,43.79897,-79.14627,7/11/2013,24909,824
1205,FINCH AVE E,,KENNETH AVE,,10-Apr-1978,43.78048,-79.41231,5/2/2013,17182,1914
1208,STEELES AVE W,,ISLINGTON AVE,,06-Apr-1976,43.76436,-79.5748,5/28/2013,30878,798
1219,PORT UNION RD,,ISLAND RD,PORT UNION N 401 C E RAMP,15-Nov-1972,43.79586902,-79.14370396,4/11/2013,16226,35
1233,LESLIE ST,30m NORTH OF,RAVEL RD,,30-Oct-1975,43.79182,-79.36843,12/17/2013,10557,166
1242,MIDLAND AVE,,PITFIELD RD,,05-Feb-1980,43.78062,-79.27612,7/24/2013,13358,169
1251,VICTORIA PARK AVE,,CLYDESDALE DR,,26-Sep-1976,43.783885,-79.32706,10/10/2013,15182,284
1253,FINCH AVE W,,CHESSWOOD DR,PRIVATE ACCESS,22-Nov-1977,43.7665,-79.47752,7/29/2013,18266,201
1257,FINCH AVE E,,MARKHAM RD,,06-Nov-1973,43.81302,-79.24308,3/13/2013,29546,593
1273,DUNDAS ST W,,HURON ST,,22-Jul-1976,43.65336,-79.39612,3/27/2013,7630,9393
1278,EGLINTON AVE W,,LLOYD MANOR RD,WIDDICOMBE HILL BLVD,23-Jan-1985,43.67566,-79.55768,12/9/2013,26282,455
1295,PHARMACY AVE,,ASHTONBEE RD,,28-Jul-1978,43.7285507,-79.2985955,3/12/2013,11794,799
1321,KIPLING AVE,,BLOOR ST W,KIPLING N DUNDAS W RAMP,07-Aug-1976,43.6417405,-79.53555821,1/10/2013,19184,104
1322,KIPLING AVE,,NEW TORONTO ST,PRIVATE ACCESS,15-Oct-1976,43.60398,-79.51933,12/11/2013,10857,641
1325,LAKE SHORE BLVD W,,ISLINGTON AVE,SEVENTH ST,12-Jul-1979,43.60083,-79.50525,12/10/2013,9550,2013
1328,OLD WESTON RD,,TURNBERRY AVE,,04-Dec-1978,43.67841,-79.46481,10/17/2013,9529,472
1329,QUEEN ST W,,DUFFERIN ST,,02-Feb-1978,43.64222,-79.42863,6/3/2013,15233,3793
1348,BLACK CREEK DR,,LAWRENCE AVE W,,06-Aug-1981,43.70496,-79.49411,8/28/2013,38624,179
1354,DIXON RD,,GOLFWOOD HTS,PRIVATE ACCESS,29-May-1980,43.69863,-79.53984,2/19/2013,12460,152
1407,WILLIAM R ALLEN RD,,SHEPPARD AVE W,,12-Jul-1981,43.75028,-79.46338,5/27/2013,42997,1185
1422,BLACK CREEK DR,,EGLINTON AVE W,,10-Apr-1982,43.68839,-79.48285,3/27/2013,27273,352
1449,DUFFERIN ST,,LIBERTY ST,PRIVATE ACCESS,21-Apr-1983,43.63711,-79.42664,5/23/2013,10457,1186
1453,SHEPPARD AVE E,,PARKWAY FOREST DR,PRIVATE ACCESS,27-Jan-1983,43.77588,-79.34371,6/6/2013,27870,1480
1467,STEELES AVE W,,CACTUS AVE,PALM GATE BLVD,09-Jul-1983,43.79445,-79.43654,7/22/2013,21076,1237
1571,JANE ST,,PRITCHARD AVE,,03-Jan-1989,43.66949,-79.49279,11/25/2013,12072,715
1579,SPADINA AVE,,BREMNER BLVD,,28-May-1989,43.64054,-79.39294,10/3/2013,23696,6092
1581,VICTORIA PARK AVE,,SUNRISE AVE,HOLSWADE RD,28-Jun-1989,43.71981,-79.3006,3/19/2013,12250,706
1583,STEELES AVE E,,MARKHAM RD,,01-Jan-1966,43.83663,-79.25116,10/8/2013,36166,1333
1585,VICTORIA PARK AVE,,ARNCLIFFE CRES,PRIVATE ACCESS,21-Sep-1989,43.73188,-79.30559,5/9/2013,15720,485
1592,KENNEDY RD,,SUFFERANCE RD,PRIVATE ACCESS,11-Jan-1989,43.77734,-79.28561,9/30/2013,29744,326
1593,QUEENS QUAY W,,BATHURST ST,,25-Jan-1990,43.63568,-79.39829,6/4/2013,7586,2435
1624,LAWRENCE AVE W,55m EAST OF,OLYMPIA DR,PRIVATE ACCESS,28-Mar-1991,43.70569,-79.49091,6/7/2013,18305,578
1626,MOUNT PLEASANT RD,,SHERWOOD AVE,,05-Oct-1991,43.71501,-79.39264,1/23/2013,14627,611
1631,SHEPPARD AVE E,,KENNETH AVE,LEONA DR,11-Jul-1991,43.76292,-79.40475,4/30/2013,22990,1877
1654,EGLINTON AVE W,,RAKELY CRT,SPECTRUM WAY,23-Dec-1992,43.64872,-79.60632,12/9/2013,14635,298
1675,JANE ST,35m NORTH OF,MARSHLYNN AVE,,20-Dec-1994,43.70472,-79.50427,11/25/2013,17020,1342
1705,PARK HOME AVE,,BEECROFT RD,,01-Mar-1995,43.76854,-79.41629,5/13/2013,13398,1427
1748,EGLINTON AVE W,,OLD FOREST HILL RD,,26-Nov-1996,43.70152,-79.42314,7/10/2013,15671,860
1751,DORIS AVE,,GREENFIELD AVE,,23-Dec-1996,43.76394,-79.40862,5/13/2013,10340,2845
1758,ELLESMERE RD,,BIRKDALE RD,PRIVATE ACCESS,18-Sep-1997,43.768958,-79.266512,5/16/2013,18269,550
1775,ELLESMERE RD,,PRINCIPAL RD,,19-Nov-1997,43.762607,-79.294705,1/23/2013,17232,36
1777,DUFFERIN ST,,GERRY FITZGERALD DR,PRIVATE ACCESS,28-Jul-2004,43.78384,-79.47014,7/30/2013,19133,923
1783,BEECROFT RD,,ELMHURST AVE,,12-Apr-1997,43.7626531,-79.4137887,5/2/2013,10844,1092
1801,DORIS AVE,,EMPRESS AVE,,09-Jan-1998,43.7697371,-79.4107908,5/2/2013,11120,3553
1812,BROADVIEW AVE,,HILLSIDE DR,PRIVATE ACCESS,16-Dec-1998,43.686,-79.35627,2/7/2013,8093,362
1814,MIDLAND AVE,,LOCKIE AVE,,16-Feb-1999,43.788943,-79.280036,1/22/2013,10076,676
1820,SHEPPARD AVE E,30m EAST OF,REIDMOUNT AVE,PRIVATE ACCESS,23-Mar-2001,43.784,-79.285,9/4/2013,17946,453
1821,POYNTZ AVE,,BEECROFT RD,,04-Aug-1999,43.75963,-79.41211,4/30/2013,6440,74
1843,COMMISSIONERS ST,,CARLAW AVE,PRIVATE ACCESS,27-Apr-2000,43.65265,-79.33556,4/22/2013,5309,28
1844,LESLIE ST,,COMMISSIONERS ST,NORTH SERVICE RD,27-Apr-2000,43.65655,-79.32635,4/22/2013,6556,67
1845,FRONT ST E,,GEORGE ST,GEORGE ST S,02-Nov-2000,43.649842,-79.37032,7/30/2013,7485,6045
1846,VICTORIA PARK AVE,,MUSGRAVE ST,PRIVATE ACCESS,25-Apr-2000,43.68795,-79.28697,8/7/2013,12033,1076
1848,FINCH AVE W,,WOODBINE DOWNS BLVD,HALESIA DR,22-Oct-2003,43.73376,-79.60673,7/31/2013,10162,624
1872,EGLINTON AVE E,,PRUDHAM GT,PRIVATE ACCESS,24-Nov-2000,43.72848,-79.28481,3/11/2013,19273,462
1876,ALNESS ST,,FLINT RD,,21-Nov-2000,43.7819227,-79.478151,2/5/2013,9916,36
1888,MOUNT PLEASANT RD,,GLENGOWAN RD,,27-Mar-2001,43.720386,-79.394925,1/21/2013,9463,165
1894,PARLIAMENT ST,,MILL ST,,23-May-2001,43.650192,-79.362162,8/13/2013,8833,3658
1895,LAWRENCE AVE W,,BLOSSOMFIELD DR,,11-Jun-2001,43.71524,-79.4484,6/17/2013,15437,568
1903,HIGHWAY 27,,ROYALCREST RD,,09-Dec-2001,43.74972,-79.61046,8/8/2013,16730,5
1912,KING ST W,,ATLANTIC AVE,,31-Jul-2003,43.64019,-79.42127,12/9/2013,12277,1830
1913,SHEPPARD AVE E,,BARBERRY PL,PRIVATE ACCESS,19-Dec-2002,43.76747,-79.385,6/18/2013,22825,1418
1921,ALBION RD,,CALSTOCK DR,,22-Jan-2002,43.73409,-79.55824,2/5/2013,10665,127
1923,O CONNOR DR,,FOUR OAKS GT,,12-Jun-2001,43.69676,-79.33421,1/8/2013,17289,104
1931,LESLIE ST,50m SOUTH OF,MOSLEY ST,PRIVATE ACCESS,27-Jun-2003,43.66014,-79.32885,5/27/2013,10614,836
1935,DUNDAS ST W,,HOWARD PARK AVE,LYND AVE,04-Dec-2003,43.65213,-79.44801,6/3/2013,11264,926
1941,COMSTOCK RD,,LEBOVIC AVE,,19-Oct-2005,43.72071,-79.28872,5/22/2013,7143,138
1948,LAWRENCE AVE E,135m WEST OF,BAYVIEW AVE,PRIVATE ACCESS,05-Nov-2002,43.72786,-79.38356,3/18/2013,12944,416
1949,LAWRENCE AVE E,,MILDENHALL RD,,12-Jul-1974,43.72845,-79.38654,6/10/2013,13912,243
1953,ALBION RD,,BENSTROW AVE,SANAGAN RD,28-May-2003,43.73908,-79.57618,2/19/2013,12912,420
1956,SHEPPARD AVE E,,BLUE RIDGE RD,,19-Dec-2002,43.76978,-79.37418,6/25/2013,22741,440
1957,HORNER AVE,,BETA ST,,12-Aug-2003,43.6032338,-79.5385002,5/15/2013,6526,350
1961,RICHMOND ST E,,GEORGE ST,,09-Dec-2003,43.6528157,-79.37157,8/13/2013,8880,2605
1977,DORIS AVE,,CHURCH AVE,,17-Oct-2003,43.77411,-79.41252,5/13/2013,10436,1230
1981,QUEEN ST W,,LANSDOWNE AVE,JAMESON AVE,28-Sep-2006,43.64056,-79.43699,5/15/2013,12715,5387
1982,FINCH AVE W,,BEECROFT RD,GREENVIEW AVE,21-Feb-2007,43.77917,-79.41849,5/15/2013,15640,1391
1996,BIRCHMOUNT RD,,ASHTONBEE RD,,19-Oct-2005,43.7328644,-79.2788977,1/31/2013,13113,86
2000,LAWRENCE AVE W,,DUCKWORTH ST,BLACKSTONE ST,02-Jul-2004,43.70364,-79.50002,6/14/2013,9487,401
2014,CHURCH ST,,THE ESPLANADE,,27-May-2004,43.6473,-79.37329,8/13/2013,4006,5271
2028,ST CLAIR AVE W,,MONDOVI GT,PRIVATE ACCESS,08-Nov-2004,43.6709,-79.47522,6/20/2013,11724,439
2065,BRIMLEY RD,,SHEDIAC RD,FRASERTON CRES,25-Oct-2007,43.74886,-79.25341,5/9/2013,12346,574
2066,ELLESMERE RD,,DUNDALK DR,WYE VALLEY RD,19-Dec-2006,43.76518,-79.28401,3/6/2013,19658,1298
2083,BLOOR ST W,,WALMER RD,ROBERT ST,03-Apr-2007,43.66637,-79.40533,8/15/2013,9135,11264
2108,LAWRENCE AVE W,,BROOKHAVEN DR,,17-Oct-2007,43.70437,-79.49665,6/24/2013,12510,670
2111,LAWRENCE AVE E,,BAYVIEW AVE NB RAMP,CHEDDINGTON PL,22-Jun-2009,43.72742866,-79.38183648,9/16/2013,7363,1250
2121,WESTON RD,,HABITANT DR,,08-Aug-2007,43.74602,-79.54112,4/17/2013,13562,405
2124,DUNDAS ST W,,CHESTNUT HILLS CRES,,26-Jul-2007,43.653,-79.52489,5/13/2013,16532,290
2141,WESTON RD,,BIRDSTONE CRES,,24-Oct-2007,43.67407321,-79.46955975,4/24/2013,15243,245
2145,EVANS AVE,,BESTOBELL RD,,04-Dec-2007,43.61257426,-79.54046146,7/31/2013,10961,127
2146,BELFIELD RD,,IRON ST,,27-Nov-2007,43.70059213,-79.58134471,2/13/2013,7643,59
2149,VICTORIA PARK AVE,170m NORTH OF,DENTON AVE,PRIVATE ACCESS,21-May-2010,43.69431442,-79.28959072,10/1/2013,9633,2089
2192,DORIS AVE,,BYNG AVE,,10-Dec-2009,43.77694,-79.41317,5/2/2013,7014,1718
2274,GERRARD ST E,,ST MATTHEWS RD,BLACKBURN ST,11-Sep-2012,43.66481,-79.35521,4/9/2013,8039,720
2299,BEECROFT RD,,CHURCHILL AVE,,30-Jul-2012,43.773312,-79.416196,5/2/2013,7449,560
2300,BEECROFT RD,,ELLERSLIE AVE,,30-Jul-2012,43.771165,-79.416588,5/2/2013,5833,282
2301,HUNTINGWOOD DR,,COMMANDER BLVD,,13-May-2013,43.798131,-79.269608,12/9/2013,8270,88
2305,BEECROFT RD,,KEMPFORD BLVD,,30-Jul-2012,43.77645,-79.41734,5/2/2013,5814,567
2306,YONGE ST,,ROXBOROUGH ST W,,20-Mar-2012,43.67822,-79.39,6/20/2013,2161,3028
2307,MILNER AVE,,BURROWS HALL BLVD,PRIVATE ACCESS,14-Jun-2012,43.79485,-79.21961,12/9/2013,6089,37
2309,NORTH QUEEN ST,137m WEST OF,INDEX RD,PRIVATE ACCESS,08-Nov-2011,43.61912,-79.55527,2/5/2013,10004,168
2310,DANFORTH RD,,BARRYMORE RD,PRIVATE ACCESS,06-Jun-2012,43.75042,-79.24442,11/18/2013,11263,209
2322,DANFORTH RD,,MAGNOLIA AVE,,30-Nov-2012,43.7227,-79.255664,11/21/2013,10541,472
2324,LAIRD DR,,ESANDAR DR,PRIVATE ACCESS,18-Jan-2012,43.70529,-79.36148,5/2/2013,13845,323
2325,BIRCHMOUNT RD,,FOXRIDGE DR,,19-Dec-2012,43.721814,-79.274485,11/12/2013,9327,115
2330,SENTINEL RD,,COOK RD,,17-Sep-2012,43.767039,-79.501185,12/5/2013,6160,1504
2333,FINCH AVE W,,MILADY RD,,05-Feb-2013,43.74731,-79.564383,12/9/2013,15773,368
2364,LAWRENCE AVE W,,CORONA ST,PRIVATE ACCESS,19-Nov-2013,43.714339,-79.45238,6/13/2013,12634,180
